{
    "time": {
        "cpu_time_user": "00:00:00.880",
        "cpu_time_system": "00:00:00.250",
        "runtime": "00:00:01.529",
        "cpu_time_iowait": "00:00:00.000"
    },
    "peak_resources": {
        "cpu_percent": 109.1,
        "memory_rss": "139MiB",
        "memory_vms": "293MiB",
        "threads": 2
    },
    "avg_resources": {
        "cpu_percent": 63.947058823529396,
        "memory_rss": "102MiB",
        "memory_vms": "242MiB",
        "threads": 1.7647058823529411
    }
}