{
    "time": {
        "cpu_time_user": "00:00:01.320",
        "cpu_time_system": "00:00:00.230",
        "runtime": "00:00:02.415",
        "cpu_time_iowait": "00:00:00.000"
    },
    "peak_resources": {
        "cpu_percent": 117.6,
        "memory_rss": "55MiB",
        "memory_vms": "72MiB",
        "threads": 1
    },
    "avg_resources": {
        "cpu_percent": 60.412499999999994,
        "memory_rss": "45MiB",
        "memory_vms": "61MiB",
        "threads": 0.9583333333333334
    }
}