{
    "time": {
        "cpu_time_user": "00:00:00.990",
        "cpu_time_system": "00:00:00.170",
        "runtime": "00:00:01.520",
        "cpu_time_iowait": "00:00:00.000"
    },
    "peak_resources": {
        "cpu_percent": 99.4,
        "memory_rss": "139MiB",
        "memory_vms": "293MiB",
        "threads": 2
    },
    "avg_resources": {
        "cpu_percent": 67.44117647058825,
        "memory_rss": "101MiB",
        "memory_vms": "242MiB",
        "threads": 1.7647058823529411
    }
}