{
    "time": {
        "cpu_time_user": "00:00:00.970",
        "cpu_time_system": "00:00:00.200",
        "runtime": "00:00:01.636",
        "cpu_time_iowait": "00:00:00.000"
    },
    "peak_resources": {
        "cpu_percent": 99.3,
        "memory_rss": "140MiB",
        "memory_vms": "293MiB",
        "threads": 2
    },
    "avg_resources": {
        "cpu_percent": 62.84444444444445,
        "memory_rss": "95MiB",
        "memory_vms": "228MiB",
        "threads": 1.7222222222222223
    }
}