{
    "time": {
        "cpu_time_user": "00:00:01.409",
        "cpu_time_system": "00:00:00.100",
        "runtime": "00:00:02.374",
        "cpu_time_iowait": "00:00:00.000"
    },
    "peak_resources": {
        "cpu_percent": 107.7,
        "memory_rss": "55MiB",
        "memory_vms": "72MiB",
        "threads": 1
    },
    "avg_resources": {
        "cpu_percent": 60.79583333333332,
        "memory_rss": "45MiB",
        "memory_vms": "60MiB",
        "threads": 0.9583333333333334
    }
}