{
    "time": {
        "cpu_time_user": "00:00:00.970",
        "cpu_time_system": "00:00:00.170",
        "runtime": "00:00:01.548",
        "cpu_time_iowait": "00:00:00.000"
    },
    "peak_resources": {
        "cpu_percent": 109.1,
        "memory_rss": "137MiB",
        "memory_vms": "293MiB",
        "threads": 2
    },
    "avg_resources": {
        "cpu_percent": 63.835294117647074,
        "memory_rss": "101MiB",
        "memory_vms": "244MiB",
        "threads": 1.7647058823529411
    }
}