{
    "time": {
        "cpu_time_user": "00:00:00.920",
        "cpu_time_system": "00:00:00.250",
        "runtime": "00:00:01.634",
        "cpu_time_iowait": "00:00:00.000"
    },
    "peak_resources": {
        "cpu_percent": 99.3,
        "memory_rss": "140MiB",
        "memory_vms": "357MiB",
        "threads": 2
    },
    "avg_resources": {
        "cpu_percent": 63.483333333333334,
        "memory_rss": "102MiB",
        "memory_vms": "248MiB",
        "threads": 1.7222222222222223
    }
}