{
    "nl": "/foss/designs/New_Folder/desafio3/modulos/openlane/spi/runs/RUN_2025-11-22_14-46-28/51-openroad-fillinsertion/bfloat16_processor.nl.v",
    "pnl": "/foss/designs/New_Folder/desafio3/modulos/openlane/spi/runs/RUN_2025-11-22_14-46-28/51-openroad-fillinsertion/bfloat16_processor.pnl.v",
    "pnl-sdf-friendly": null,
    "pnl-npc": null,
    "def": "/foss/designs/New_Folder/desafio3/modulos/openlane/spi/runs/RUN_2025-11-22_14-46-28/52-odb-cellfrequencytables/bfloat16_processor.def",
    "lef": null,
    "openroad-lef": null,
    "odb": "/foss/designs/New_Folder/desafio3/modulos/openlane/spi/runs/RUN_2025-11-22_14-46-28/52-odb-cellfrequencytables/bfloat16_processor.odb",
    "sdc": "/foss/designs/New_Folder/desafio3/modulos/openlane/spi/runs/RUN_2025-11-22_14-46-28/51-openroad-fillinsertion/bfloat16_processor.sdc",
    "sdf": {
        "nom_tt_025C_1v80": "/foss/designs/New_Folder/desafio3/modulos/openlane/spi/runs/RUN_2025-11-22_14-46-28/54-openroad-stapostpnr/nom_tt_025C_1v80/bfloat16_processor__nom_tt_025C_1v80.sdf",
        "nom_ss_100C_1v60": "/foss/designs/New_Folder/desafio3/modulos/openlane/spi/runs/RUN_2025-11-22_14-46-28/54-openroad-stapostpnr/nom_ss_100C_1v60/bfloat16_processor__nom_ss_100C_1v60.sdf",
        "nom_ff_n40C_1v95": "/foss/designs/New_Folder/desafio3/modulos/openlane/spi/runs/RUN_2025-11-22_14-46-28/54-openroad-stapostpnr/nom_ff_n40C_1v95/bfloat16_processor__nom_ff_n40C_1v95.sdf",
        "min_tt_025C_1v80": "/foss/designs/New_Folder/desafio3/modulos/openlane/spi/runs/RUN_2025-11-22_14-46-28/54-openroad-stapostpnr/min_tt_025C_1v80/bfloat16_processor__min_tt_025C_1v80.sdf",
        "min_ss_100C_1v60": "/foss/designs/New_Folder/desafio3/modulos/openlane/spi/runs/RUN_2025-11-22_14-46-28/54-openroad-stapostpnr/min_ss_100C_1v60/bfloat16_processor__min_ss_100C_1v60.sdf",
        "min_ff_n40C_1v95": "/foss/designs/New_Folder/desafio3/modulos/openlane/spi/runs/RUN_2025-11-22_14-46-28/54-openroad-stapostpnr/min_ff_n40C_1v95/bfloat16_processor__min_ff_n40C_1v95.sdf",
        "max_tt_025C_1v80": "/foss/designs/New_Folder/desafio3/modulos/openlane/spi/runs/RUN_2025-11-22_14-46-28/54-openroad-stapostpnr/max_tt_025C_1v80/bfloat16_processor__max_tt_025C_1v80.sdf",
        "max_ss_100C_1v60": "/foss/designs/New_Folder/desafio3/modulos/openlane/spi/runs/RUN_2025-11-22_14-46-28/54-openroad-stapostpnr/max_ss_100C_1v60/bfloat16_processor__max_ss_100C_1v60.sdf",
        "max_ff_n40C_1v95": "/foss/designs/New_Folder/desafio3/modulos/openlane/spi/runs/RUN_2025-11-22_14-46-28/54-openroad-stapostpnr/max_ff_n40C_1v95/bfloat16_processor__max_ff_n40C_1v95.sdf"
    },
    "spef": {
        "nom_*": "/foss/designs/New_Folder/desafio3/modulos/openlane/spi/runs/RUN_2025-11-22_14-46-28/53-openroad-rcx/nom/bfloat16_processor.nom.spef",
        "min_*": "/foss/designs/New_Folder/desafio3/modulos/openlane/spi/runs/RUN_2025-11-22_14-46-28/53-openroad-rcx/min/bfloat16_processor.min.spef",
        "max_*": "/foss/designs/New_Folder/desafio3/modulos/openlane/spi/runs/RUN_2025-11-22_14-46-28/53-openroad-rcx/max/bfloat16_processor.max.spef"
    },
    "lib": {
        "nom_tt_025C_1v80": "/foss/designs/New_Folder/desafio3/modulos/openlane/spi/runs/RUN_2025-11-22_14-46-28/54-openroad-stapostpnr/nom_tt_025C_1v80/bfloat16_processor__nom_tt_025C_1v80.lib",
        "nom_ss_100C_1v60": "/foss/designs/New_Folder/desafio3/modulos/openlane/spi/runs/RUN_2025-11-22_14-46-28/54-openroad-stapostpnr/nom_ss_100C_1v60/bfloat16_processor__nom_ss_100C_1v60.lib",
        "nom_ff_n40C_1v95": "/foss/designs/New_Folder/desafio3/modulos/openlane/spi/runs/RUN_2025-11-22_14-46-28/54-openroad-stapostpnr/nom_ff_n40C_1v95/bfloat16_processor__nom_ff_n40C_1v95.lib",
        "min_tt_025C_1v80": "/foss/designs/New_Folder/desafio3/modulos/openlane/spi/runs/RUN_2025-11-22_14-46-28/54-openroad-stapostpnr/min_tt_025C_1v80/bfloat16_processor__min_tt_025C_1v80.lib",
        "min_ss_100C_1v60": "/foss/designs/New_Folder/desafio3/modulos/openlane/spi/runs/RUN_2025-11-22_14-46-28/54-openroad-stapostpnr/min_ss_100C_1v60/bfloat16_processor__min_ss_100C_1v60.lib",
        "min_ff_n40C_1v95": "/foss/designs/New_Folder/desafio3/modulos/openlane/spi/runs/RUN_2025-11-22_14-46-28/54-openroad-stapostpnr/min_ff_n40C_1v95/bfloat16_processor__min_ff_n40C_1v95.lib",
        "max_tt_025C_1v80": "/foss/designs/New_Folder/desafio3/modulos/openlane/spi/runs/RUN_2025-11-22_14-46-28/54-openroad-stapostpnr/max_tt_025C_1v80/bfloat16_processor__max_tt_025C_1v80.lib",
        "max_ss_100C_1v60": "/foss/designs/New_Folder/desafio3/modulos/openlane/spi/runs/RUN_2025-11-22_14-46-28/54-openroad-stapostpnr/max_ss_100C_1v60/bfloat16_processor__max_ss_100C_1v60.lib",
        "max_ff_n40C_1v95": "/foss/designs/New_Folder/desafio3/modulos/openlane/spi/runs/RUN_2025-11-22_14-46-28/54-openroad-stapostpnr/max_ff_n40C_1v95/bfloat16_processor__max_ff_n40C_1v95.lib"
    },
    "spice": null,
    "mag": null,
    "gds": null,
    "mag_gds": null,
    "klayout_gds": null,
    "json_h": "/foss/designs/New_Folder/desafio3/modulos/openlane/spi/runs/RUN_2025-11-22_14-46-28/05-yosys-jsonheader/bfloat16_processor.h.json",
    "vh": "/foss/designs/New_Folder/desafio3/modulos/openlane/spi/runs/RUN_2025-11-22_14-46-28/28-odb-writeverilogheader/bfloat16_processor.vh",
    "metrics": {
        "design__lint_error__count": 0,
        "design__lint_timing_construct__count": 0,
        "design__lint_warning__count": 442,
        "design__inferred_latch__count": 0,
        "design__instance__count": 1266,
        "design__instance__area": 8112.78,
        "design__instance_unmapped__count": 0,
        "synthesis__check_error__count": 0,
        "design__max_slew_violation__count__corner:nom_tt_025C_1v80": 0,
        "design__max_fanout_violation__count__corner:nom_tt_025C_1v80": 0,
        "design__max_cap_violation__count__corner:nom_tt_025C_1v80": 0,
        "power__internal__total": 0.0008995939861051738,
        "power__switching__total": 0.0003043983015231788,
        "power__leakage__total": 9.714800519589062e-09,
        "power__total": 0.0012040019501000643,
        "clock__skew__worst_hold__corner:nom_tt_025C_1v80": 0.014637264037355009,
        "clock__skew__worst_setup__corner:nom_tt_025C_1v80": 0.014637264037355009,
        "timing__hold__ws__corner:nom_tt_025C_1v80": 0.3690420018476332,
        "timing__setup__ws__corner:nom_tt_025C_1v80": 7.1342249682726,
        "timing__hold__tns__corner:nom_tt_025C_1v80": 0,
        "timing__setup__tns__corner:nom_tt_025C_1v80": 0,
        "timing__hold__wns__corner:nom_tt_025C_1v80": 0,
        "timing__setup__wns__corner:nom_tt_025C_1v80": 0,
        "timing__hold_vio__count__corner:nom_tt_025C_1v80": 0,
        "timing__hold_r2r__ws__corner:nom_tt_025C_1v80": 0.369042,
        "timing__hold_r2r_vio__count__corner:nom_tt_025C_1v80": 0,
        "timing__setup_vio__count__corner:nom_tt_025C_1v80": 0,
        "timing__setup_r2r__ws__corner:nom_tt_025C_1v80": 7.134225,
        "timing__setup_r2r_vio__count__corner:nom_tt_025C_1v80": 0,
        "design__max_slew_violation__count__corner:nom_ss_100C_1v60": 0,
        "design__max_fanout_violation__count__corner:nom_ss_100C_1v60": 0,
        "design__max_cap_violation__count__corner:nom_ss_100C_1v60": 0,
        "clock__skew__worst_hold__corner:nom_ss_100C_1v60": 0.02339117854507267,
        "clock__skew__worst_setup__corner:nom_ss_100C_1v60": 0.02339117854507267,
        "timing__hold__ws__corner:nom_ss_100C_1v60": 0.7285379727926518,
        "timing__setup__ws__corner:nom_ss_100C_1v60": 4.0808233503001325,
        "timing__hold__tns__corner:nom_ss_100C_1v60": 0,
        "timing__setup__tns__corner:nom_ss_100C_1v60": 0,
        "timing__hold__wns__corner:nom_ss_100C_1v60": 0,
        "timing__setup__wns__corner:nom_ss_100C_1v60": 0,
        "timing__hold_vio__count__corner:nom_ss_100C_1v60": 0,
        "timing__hold_r2r__ws__corner:nom_ss_100C_1v60": 0.728538,
        "timing__hold_r2r_vio__count__corner:nom_ss_100C_1v60": 0,
        "timing__setup_vio__count__corner:nom_ss_100C_1v60": 0,
        "timing__setup_r2r__ws__corner:nom_ss_100C_1v60": 4.080823,
        "timing__setup_r2r_vio__count__corner:nom_ss_100C_1v60": 0,
        "design__max_slew_violation__count__corner:nom_ff_n40C_1v95": 0,
        "design__max_fanout_violation__count__corner:nom_ff_n40C_1v95": 0,
        "design__max_cap_violation__count__corner:nom_ff_n40C_1v95": 0,
        "clock__skew__worst_hold__corner:nom_ff_n40C_1v95": 0.011558448969540919,
        "clock__skew__worst_setup__corner:nom_ff_n40C_1v95": 0.011558448969540919,
        "timing__hold__ws__corner:nom_ff_n40C_1v95": 0.23607544365345987,
        "timing__setup__ws__corner:nom_ff_n40C_1v95": 8.190241605631229,
        "timing__hold__tns__corner:nom_ff_n40C_1v95": 0,
        "timing__setup__tns__corner:nom_ff_n40C_1v95": 0,
        "timing__hold__wns__corner:nom_ff_n40C_1v95": 0,
        "timing__setup__wns__corner:nom_ff_n40C_1v95": 0,
        "timing__hold_vio__count__corner:nom_ff_n40C_1v95": 0,
        "timing__hold_r2r__ws__corner:nom_ff_n40C_1v95": 0.236075,
        "timing__hold_r2r_vio__count__corner:nom_ff_n40C_1v95": 0,
        "timing__setup_vio__count__corner:nom_ff_n40C_1v95": 0,
        "timing__setup_r2r__ws__corner:nom_ff_n40C_1v95": 8.190242,
        "timing__setup_r2r_vio__count__corner:nom_ff_n40C_1v95": 0,
        "design__max_slew_violation__count": 0,
        "design__max_fanout_violation__count": 0,
        "design__max_cap_violation__count": 0,
        "clock__skew__worst_hold": 0.02517880419873037,
        "clock__skew__worst_setup": -0.016194379629005645,
        "timing__hold__ws": 0.23479963082862942,
        "timing__setup__ws": 3.9911146628380254,
        "timing__hold__tns": 0,
        "timing__setup__tns": 0,
        "timing__hold__wns": 0,
        "timing__setup__wns": 0,
        "timing__hold_vio__count": 0,
        "timing__hold_r2r__ws": 0.2348,
        "timing__hold_r2r_vio__count": 0,
        "timing__setup_vio__count": 0,
        "timing__setup_r2r__ws": 3.991115,
        "timing__setup_r2r_vio__count": 0,
        "design__die__bbox": "0.0 0.0 159.99 170.71",
        "design__core__bbox": "5.52 10.88 154.1 157.76",
        "design__io": 25,
        "design__die__area": 27311.9,
        "design__core__area": 21823.4,
        "design__instance__count__stdcell": 1266,
        "design__instance__area__stdcell": 8112.78,
        "design__instance__count__macros": 0,
        "design__instance__area__macros": 0,
        "design__instance__utilization": 0.371746,
        "design__instance__utilization__stdcell": 0.371746,
        "design__instance__count__class:buffer": 82,
        "design__instance__count__class:inverter": 119,
        "design__instance__count__class:sequential_cell": 127,
        "design__instance__count__class:multi_input_combinational_cell": 576,
        "flow__warnings__count": 1,
        "flow__errors__count": 0,
        "design__instance__count__class:fill_cell": 1758,
        "design__instance__count__class:tap_cell": 308,
        "design__power_grid_violation__count__net:VGND": 0,
        "design__power_grid_violation__count__net:VPWR": 0,
        "design__power_grid_violation__count": 0,
        "floorplan__design__io": 23,
        "design__io__hpwl": 1327344,
        "timing__drv__floating__nets": 0,
        "timing__drv__floating__pins": 0,
        "design__instance__displacement__total": 0,
        "design__instance__displacement__mean": 0,
        "design__instance__displacement__max": 0,
        "route__wirelength__estimated": 15574.4,
        "design__violations": 0,
        "design__instance__count__class:timing_repair_buffer": 22,
        "design__instance__count__class:clock_buffer": 20,
        "design__instance__count__class:clock_inverter": 12,
        "design__instance__count__setup_buffer": 0,
        "design__instance__count__hold_buffer": 0,
        "antenna__violating__nets": 0,
        "antenna__violating__pins": 0,
        "route__antenna_violation__count": 0,
        "antenna_diodes_count": 0,
        "route__net": 948,
        "route__net__special": 2,
        "route__drc_errors__iter:1": 283,
        "route__wirelength__iter:1": 17445,
        "route__drc_errors__iter:2": 100,
        "route__wirelength__iter:2": 17344,
        "route__drc_errors__iter:3": 63,
        "route__wirelength__iter:3": 17264,
        "route__drc_errors__iter:4": 16,
        "route__wirelength__iter:4": 17272,
        "route__drc_errors__iter:5": 0,
        "route__wirelength__iter:5": 17266,
        "route__drc_errors": 0,
        "route__wirelength": 17266,
        "route__vias": 5600,
        "route__vias__singlecut": 5600,
        "route__vias__multicut": 0,
        "design__disconnected_pin__count": 0,
        "design__critical_disconnected_pin__count": 0,
        "route__wirelength__max": 620.78,
        "timing__unannotated_net__count__corner:nom_tt_025C_1v80": 15,
        "timing__unannotated_net_filtered__count__corner:nom_tt_025C_1v80": 0,
        "timing__unannotated_net__count__corner:nom_ss_100C_1v60": 15,
        "timing__unannotated_net_filtered__count__corner:nom_ss_100C_1v60": 0,
        "timing__unannotated_net__count__corner:nom_ff_n40C_1v95": 15,
        "timing__unannotated_net_filtered__count__corner:nom_ff_n40C_1v95": 0,
        "design__max_slew_violation__count__corner:min_tt_025C_1v80": 0,
        "design__max_fanout_violation__count__corner:min_tt_025C_1v80": 0,
        "design__max_cap_violation__count__corner:min_tt_025C_1v80": 0,
        "clock__skew__worst_hold__corner:min_tt_025C_1v80": 0.013410245515836833,
        "clock__skew__worst_setup__corner:min_tt_025C_1v80": 0.013410245515836833,
        "timing__hold__ws__corner:min_tt_025C_1v80": 0.3677231678793818,
        "timing__setup__ws__corner:min_tt_025C_1v80": 7.194976373898256,
        "timing__hold__tns__corner:min_tt_025C_1v80": 0,
        "timing__setup__tns__corner:min_tt_025C_1v80": 0,
        "timing__hold__wns__corner:min_tt_025C_1v80": 0,
        "timing__setup__wns__corner:min_tt_025C_1v80": 0,
        "timing__hold_vio__count__corner:min_tt_025C_1v80": 0,
        "timing__hold_r2r__ws__corner:min_tt_025C_1v80": 0.367723,
        "timing__hold_r2r_vio__count__corner:min_tt_025C_1v80": 0,
        "timing__setup_vio__count__corner:min_tt_025C_1v80": 0,
        "timing__setup_r2r__ws__corner:min_tt_025C_1v80": 7.194976,
        "timing__setup_r2r_vio__count__corner:min_tt_025C_1v80": 0,
        "timing__unannotated_net__count__corner:min_tt_025C_1v80": 15,
        "timing__unannotated_net_filtered__count__corner:min_tt_025C_1v80": 0,
        "design__max_slew_violation__count__corner:min_ss_100C_1v60": 0,
        "design__max_fanout_violation__count__corner:min_ss_100C_1v60": 0,
        "design__max_cap_violation__count__corner:min_ss_100C_1v60": 0,
        "clock__skew__worst_hold__corner:min_ss_100C_1v60": 0.021800784017317703,
        "clock__skew__worst_setup__corner:min_ss_100C_1v60": 0.021800784017317703,
        "timing__hold__ws__corner:min_ss_100C_1v60": 0.7264788976017961,
        "timing__setup__ws__corner:min_ss_100C_1v60": 4.1772235741655095,
        "timing__hold__tns__corner:min_ss_100C_1v60": 0,
        "timing__setup__tns__corner:min_ss_100C_1v60": 0,
        "timing__hold__wns__corner:min_ss_100C_1v60": 0,
        "timing__setup__wns__corner:min_ss_100C_1v60": 0,
        "timing__hold_vio__count__corner:min_ss_100C_1v60": 0,
        "timing__hold_r2r__ws__corner:min_ss_100C_1v60": 0.726479,
        "timing__hold_r2r_vio__count__corner:min_ss_100C_1v60": 0,
        "timing__setup_vio__count__corner:min_ss_100C_1v60": 0,
        "timing__setup_r2r__ws__corner:min_ss_100C_1v60": 4.177224,
        "timing__setup_r2r_vio__count__corner:min_ss_100C_1v60": 0,
        "timing__unannotated_net__count__corner:min_ss_100C_1v60": 15,
        "timing__unannotated_net_filtered__count__corner:min_ss_100C_1v60": 0,
        "design__max_slew_violation__count__corner:min_ff_n40C_1v95": 0,
        "design__max_fanout_violation__count__corner:min_ff_n40C_1v95": 0,
        "design__max_cap_violation__count__corner:min_ff_n40C_1v95": 0,
        "clock__skew__worst_hold__corner:min_ff_n40C_1v95": 0.010584811104983913,
        "clock__skew__worst_setup__corner:min_ff_n40C_1v95": 0.010584811104983913,
        "timing__hold__ws__corner:min_ff_n40C_1v95": 0.23479963082862942,
        "timing__setup__ws__corner:min_ff_n40C_1v95": 8.228517655710727,
        "timing__hold__tns__corner:min_ff_n40C_1v95": 0,
        "timing__setup__tns__corner:min_ff_n40C_1v95": 0,
        "timing__hold__wns__corner:min_ff_n40C_1v95": 0,
        "timing__setup__wns__corner:min_ff_n40C_1v95": 0,
        "timing__hold_vio__count__corner:min_ff_n40C_1v95": 0,
        "timing__hold_r2r__ws__corner:min_ff_n40C_1v95": 0.2348,
        "timing__hold_r2r_vio__count__corner:min_ff_n40C_1v95": 0,
        "timing__setup_vio__count__corner:min_ff_n40C_1v95": 0,
        "timing__setup_r2r__ws__corner:min_ff_n40C_1v95": 8.228518,
        "timing__setup_r2r_vio__count__corner:min_ff_n40C_1v95": 0,
        "timing__unannotated_net__count__corner:min_ff_n40C_1v95": 15,
        "timing__unannotated_net_filtered__count__corner:min_ff_n40C_1v95": 0,
        "design__max_slew_violation__count__corner:max_tt_025C_1v80": 0,
        "design__max_fanout_violation__count__corner:max_tt_025C_1v80": 0,
        "design__max_cap_violation__count__corner:max_tt_025C_1v80": 0,
        "clock__skew__worst_hold__corner:max_tt_025C_1v80": -0.016194379629005645,
        "clock__skew__worst_setup__corner:max_tt_025C_1v80": -0.016194379629005645,
        "timing__hold__ws__corner:max_tt_025C_1v80": 0.3704461287021637,
        "timing__setup__ws__corner:max_tt_025C_1v80": 7.074461217077585,
        "timing__hold__tns__corner:max_tt_025C_1v80": 0,
        "timing__setup__tns__corner:max_tt_025C_1v80": 0,
        "timing__hold__wns__corner:max_tt_025C_1v80": 0,
        "timing__setup__wns__corner:max_tt_025C_1v80": 0,
        "timing__hold_vio__count__corner:max_tt_025C_1v80": 0,
        "timing__hold_r2r__ws__corner:max_tt_025C_1v80": 0.370446,
        "timing__hold_r2r_vio__count__corner:max_tt_025C_1v80": 0,
        "timing__setup_vio__count__corner:max_tt_025C_1v80": 0,
        "timing__setup_r2r__ws__corner:max_tt_025C_1v80": 7.074461,
        "timing__setup_r2r_vio__count__corner:max_tt_025C_1v80": 0,
        "timing__unannotated_net__count__corner:max_tt_025C_1v80": 15,
        "timing__unannotated_net_filtered__count__corner:max_tt_025C_1v80": 0,
        "design__max_slew_violation__count__corner:max_ss_100C_1v60": 0,
        "design__max_fanout_violation__count__corner:max_ss_100C_1v60": 0,
        "design__max_cap_violation__count__corner:max_ss_100C_1v60": 0,
        "clock__skew__worst_hold__corner:max_ss_100C_1v60": 0.02517880419873037,
        "clock__skew__worst_setup__corner:max_ss_100C_1v60": 0.02517880419873037,
        "timing__hold__ws__corner:max_ss_100C_1v60": 0.7309335010806356,
        "timing__setup__ws__corner:max_ss_100C_1v60": 3.9911146628380254,
        "timing__hold__tns__corner:max_ss_100C_1v60": 0,
        "timing__setup__tns__corner:max_ss_100C_1v60": 0,
        "timing__hold__wns__corner:max_ss_100C_1v60": 0,
        "timing__setup__wns__corner:max_ss_100C_1v60": 0,
        "timing__hold_vio__count__corner:max_ss_100C_1v60": 0,
        "timing__hold_r2r__ws__corner:max_ss_100C_1v60": 0.730933,
        "timing__hold_r2r_vio__count__corner:max_ss_100C_1v60": 0,
        "timing__setup_vio__count__corner:max_ss_100C_1v60": 0,
        "timing__setup_r2r__ws__corner:max_ss_100C_1v60": 3.991115,
        "timing__setup_r2r_vio__count__corner:max_ss_100C_1v60": 0,
        "timing__unannotated_net__count__corner:max_ss_100C_1v60": 15,
        "timing__unannotated_net_filtered__count__corner:max_ss_100C_1v60": 0,
        "design__max_slew_violation__count__corner:max_ff_n40C_1v95": 0,
        "design__max_fanout_violation__count__corner:max_ff_n40C_1v95": 0,
        "design__max_cap_violation__count__corner:max_ff_n40C_1v95": 0,
        "clock__skew__worst_hold__corner:max_ff_n40C_1v95": -0.013513746060234708,
        "clock__skew__worst_setup__corner:max_ff_n40C_1v95": -0.013513746060234708,
        "timing__hold__ws__corner:max_ff_n40C_1v95": 0.23742164462004225,
        "timing__setup__ws__corner:max_ff_n40C_1v95": 8.153201011768475,
        "timing__hold__tns__corner:max_ff_n40C_1v95": 0,
        "timing__setup__tns__corner:max_ff_n40C_1v95": 0,
        "timing__hold__wns__corner:max_ff_n40C_1v95": 0,
        "timing__setup__wns__corner:max_ff_n40C_1v95": 0,
        "timing__hold_vio__count__corner:max_ff_n40C_1v95": 0,
        "timing__hold_r2r__ws__corner:max_ff_n40C_1v95": 0.237422,
        "timing__hold_r2r_vio__count__corner:max_ff_n40C_1v95": 0,
        "timing__setup_vio__count__corner:max_ff_n40C_1v95": 0,
        "timing__setup_r2r__ws__corner:max_ff_n40C_1v95": 8.153201,
        "timing__setup_r2r_vio__count__corner:max_ff_n40C_1v95": 0,
        "timing__unannotated_net__count__corner:max_ff_n40C_1v95": 15,
        "timing__unannotated_net_filtered__count__corner:max_ff_n40C_1v95": 0,
        "timing__unannotated_net__count": 15,
        "timing__unannotated_net_filtered__count": 0
    }
}