{
    "nl": "/foss/designs/New_Folder/desafio3/modulos/openlane/spi/runs/RUN_2025-11-22_14-46-28/51-openroad-fillinsertion/bfloat16_processor.nl.v",
    "pnl": "/foss/designs/New_Folder/desafio3/modulos/openlane/spi/runs/RUN_2025-11-22_14-46-28/51-openroad-fillinsertion/bfloat16_processor.pnl.v",
    "pnl-sdf-friendly": null,
    "pnl-npc": null,
    "def": "/foss/designs/New_Folder/desafio3/modulos/openlane/spi/runs/RUN_2025-11-22_14-46-28/52-odb-cellfrequencytables/bfloat16_processor.def",
    "lef": null,
    "openroad-lef": null,
    "odb": "/foss/designs/New_Folder/desafio3/modulos/openlane/spi/runs/RUN_2025-11-22_14-46-28/52-odb-cellfrequencytables/bfloat16_processor.odb",
    "sdc": "/foss/designs/New_Folder/desafio3/modulos/openlane/spi/runs/RUN_2025-11-22_14-46-28/51-openroad-fillinsertion/bfloat16_processor.sdc",
    "sdf": {
        "nom_tt_025C_1v80": "/foss/designs/New_Folder/desafio3/modulos/openlane/spi/runs/RUN_2025-11-22_14-46-28/12-openroad-staprepnr/nom_tt_025C_1v80/bfloat16_processor__nom_tt_025C_1v80.sdf",
        "nom_ss_100C_1v60": "/foss/designs/New_Folder/desafio3/modulos/openlane/spi/runs/RUN_2025-11-22_14-46-28/12-openroad-staprepnr/nom_ss_100C_1v60/bfloat16_processor__nom_ss_100C_1v60.sdf",
        "nom_ff_n40C_1v95": "/foss/designs/New_Folder/desafio3/modulos/openlane/spi/runs/RUN_2025-11-22_14-46-28/12-openroad-staprepnr/nom_ff_n40C_1v95/bfloat16_processor__nom_ff_n40C_1v95.sdf"
    },
    "spef": {
        "nom_*": "/foss/designs/New_Folder/desafio3/modulos/openlane/spi/runs/RUN_2025-11-22_14-46-28/53-openroad-rcx/nom/bfloat16_processor.nom.spef",
        "min_*": "/foss/designs/New_Folder/desafio3/modulos/openlane/spi/runs/RUN_2025-11-22_14-46-28/53-openroad-rcx/min/bfloat16_processor.min.spef",
        "max_*": "/foss/designs/New_Folder/desafio3/modulos/openlane/spi/runs/RUN_2025-11-22_14-46-28/53-openroad-rcx/max/bfloat16_processor.max.spef"
    },
    "lib": null,
    "spice": null,
    "mag": null,
    "gds": null,
    "mag_gds": null,
    "klayout_gds": null,
    "json_h": "/foss/designs/New_Folder/desafio3/modulos/openlane/spi/runs/RUN_2025-11-22_14-46-28/05-yosys-jsonheader/bfloat16_processor.h.json",
    "vh": "/foss/designs/New_Folder/desafio3/modulos/openlane/spi/runs/RUN_2025-11-22_14-46-28/28-odb-writeverilogheader/bfloat16_processor.vh",
    "metrics": {
        "design__lint_error__count": 0,
        "design__lint_timing_construct__count": 0,
        "design__lint_warning__count": 442,
        "design__inferred_latch__count": 0,
        "design__instance__count": 1266,
        "design__instance__area": 8112.78,
        "design__instance_unmapped__count": 0,
        "synthesis__check_error__count": 0,
        "design__max_slew_violation__count__corner:nom_tt_025C_1v80": 0,
        "design__max_fanout_violation__count__corner:nom_tt_025C_1v80": 0,
        "design__max_cap_violation__count__corner:nom_tt_025C_1v80": 0,
        "power__internal__total": 0.000779382,
        "power__switching__total": 0.00023444,
        "power__leakage__total": 4.48339e-09,
        "power__total": 0.00101383,
        "clock__skew__worst_hold__corner:nom_tt_025C_1v80": -0.0106924,
        "clock__skew__worst_setup__corner:nom_tt_025C_1v80": -0.0106924,
        "timing__hold__ws__corner:nom_tt_025C_1v80": 0.372493,
        "timing__setup__ws__corner:nom_tt_025C_1v80": 7.17747,
        "timing__hold__tns__corner:nom_tt_025C_1v80": 0,
        "timing__setup__tns__corner:nom_tt_025C_1v80": 0,
        "timing__hold__wns__corner:nom_tt_025C_1v80": 0,
        "timing__setup__wns__corner:nom_tt_025C_1v80": 0,
        "timing__hold_vio__count__corner:nom_tt_025C_1v80": 0,
        "timing__hold_r2r__ws__corner:nom_tt_025C_1v80": 0.372493,
        "timing__hold_r2r_vio__count__corner:nom_tt_025C_1v80": 0,
        "timing__setup_vio__count__corner:nom_tt_025C_1v80": 0,
        "timing__setup_r2r__ws__corner:nom_tt_025C_1v80": 7.17747,
        "timing__setup_r2r_vio__count__corner:nom_tt_025C_1v80": 0,
        "design__max_slew_violation__count__corner:nom_ss_100C_1v60": 0,
        "design__max_fanout_violation__count__corner:nom_ss_100C_1v60": 0,
        "design__max_cap_violation__count__corner:nom_ss_100C_1v60": 0,
        "clock__skew__worst_hold__corner:nom_ss_100C_1v60": 0,
        "clock__skew__worst_setup__corner:nom_ss_100C_1v60": 0,
        "timing__hold__ws__corner:nom_ss_100C_1v60": 0.678316366719554,
        "timing__setup__ws__corner:nom_ss_100C_1v60": 5.037493675891917,
        "timing__hold__tns__corner:nom_ss_100C_1v60": 0,
        "timing__setup__tns__corner:nom_ss_100C_1v60": 0,
        "timing__hold__wns__corner:nom_ss_100C_1v60": 0,
        "timing__setup__wns__corner:nom_ss_100C_1v60": 0,
        "timing__hold_vio__count__corner:nom_ss_100C_1v60": 0,
        "timing__hold_r2r__ws__corner:nom_ss_100C_1v60": 0.678316,
        "timing__hold_r2r_vio__count__corner:nom_ss_100C_1v60": 0,
        "timing__setup_vio__count__corner:nom_ss_100C_1v60": 0,
        "timing__setup_r2r__ws__corner:nom_ss_100C_1v60": 5.037494,
        "timing__setup_r2r_vio__count__corner:nom_ss_100C_1v60": 0,
        "design__max_slew_violation__count__corner:nom_ff_n40C_1v95": 0,
        "design__max_fanout_violation__count__corner:nom_ff_n40C_1v95": 0,
        "design__max_cap_violation__count__corner:nom_ff_n40C_1v95": 0,
        "clock__skew__worst_hold__corner:nom_ff_n40C_1v95": 0,
        "clock__skew__worst_setup__corner:nom_ff_n40C_1v95": 0,
        "timing__hold__ws__corner:nom_ff_n40C_1v95": 0.20574470487440102,
        "timing__setup__ws__corner:nom_ff_n40C_1v95": 8.47474114871893,
        "timing__hold__tns__corner:nom_ff_n40C_1v95": 0,
        "timing__setup__tns__corner:nom_ff_n40C_1v95": 0,
        "timing__hold__wns__corner:nom_ff_n40C_1v95": 0,
        "timing__setup__wns__corner:nom_ff_n40C_1v95": 0,
        "timing__hold_vio__count__corner:nom_ff_n40C_1v95": 0,
        "timing__hold_r2r__ws__corner:nom_ff_n40C_1v95": 0.205745,
        "timing__hold_r2r_vio__count__corner:nom_ff_n40C_1v95": 0,
        "timing__setup_vio__count__corner:nom_ff_n40C_1v95": 0,
        "timing__setup_r2r__ws__corner:nom_ff_n40C_1v95": 8.474741,
        "timing__setup_r2r_vio__count__corner:nom_ff_n40C_1v95": 0,
        "design__max_slew_violation__count": 0,
        "design__max_fanout_violation__count": 0,
        "design__max_cap_violation__count": 0,
        "clock__skew__worst_hold": -0.0106924,
        "clock__skew__worst_setup": -0.0106924,
        "timing__hold__ws": 0.372493,
        "timing__setup__ws": 7.17747,
        "timing__hold__tns": 0,
        "timing__setup__tns": 0,
        "timing__hold__wns": 0,
        "timing__setup__wns": 0,
        "timing__hold_vio__count": 0,
        "timing__hold_r2r__ws": 0.372493,
        "timing__hold_r2r_vio__count": 0,
        "timing__setup_vio__count": 0,
        "timing__setup_r2r__ws": 7.17747,
        "timing__setup_r2r_vio__count": 0,
        "design__die__bbox": "0.0 0.0 159.99 170.71",
        "design__core__bbox": "5.52 10.88 154.1 157.76",
        "design__io": 25,
        "design__die__area": 27311.9,
        "design__core__area": 21823.4,
        "design__instance__count__stdcell": 1266,
        "design__instance__area__stdcell": 8112.78,
        "design__instance__count__macros": 0,
        "design__instance__area__macros": 0,
        "design__instance__utilization": 0.371746,
        "design__instance__utilization__stdcell": 0.371746,
        "design__instance__count__class:buffer": 82,
        "design__instance__count__class:inverter": 119,
        "design__instance__count__class:sequential_cell": 127,
        "design__instance__count__class:multi_input_combinational_cell": 576,
        "flow__warnings__count": 1,
        "flow__errors__count": 0,
        "design__instance__count__class:fill_cell": 1758,
        "design__instance__count__class:tap_cell": 308,
        "design__power_grid_violation__count__net:VGND": 0,
        "design__power_grid_violation__count__net:VPWR": 0,
        "design__power_grid_violation__count": 0,
        "floorplan__design__io": 23,
        "design__io__hpwl": 1327344,
        "timing__drv__floating__nets": 0,
        "timing__drv__floating__pins": 0,
        "design__instance__displacement__total": 0,
        "design__instance__displacement__mean": 0,
        "design__instance__displacement__max": 0,
        "route__wirelength__estimated": 15574.4,
        "design__violations": 0,
        "design__instance__count__class:timing_repair_buffer": 22,
        "design__instance__count__class:clock_buffer": 20,
        "design__instance__count__class:clock_inverter": 12,
        "design__instance__count__setup_buffer": 0,
        "design__instance__count__hold_buffer": 0,
        "antenna__violating__nets": 0,
        "antenna__violating__pins": 0,
        "route__antenna_violation__count": 0,
        "antenna_diodes_count": 0,
        "route__net": 948,
        "route__net__special": 2,
        "route__drc_errors__iter:1": 283,
        "route__wirelength__iter:1": 17445,
        "route__drc_errors__iter:2": 100,
        "route__wirelength__iter:2": 17344,
        "route__drc_errors__iter:3": 63,
        "route__wirelength__iter:3": 17264,
        "route__drc_errors__iter:4": 16,
        "route__wirelength__iter:4": 17272,
        "route__drc_errors__iter:5": 0,
        "route__wirelength__iter:5": 17266,
        "route__drc_errors": 0,
        "route__wirelength": 17266,
        "route__vias": 5600,
        "route__vias__singlecut": 5600,
        "route__vias__multicut": 0,
        "design__disconnected_pin__count": 0,
        "design__critical_disconnected_pin__count": 0,
        "route__wirelength__max": 620.78
    }
}