{
    "time": {
        "cpu_time_user": "00:00:01.020",
        "cpu_time_system": "00:00:00.180",
        "runtime": "00:00:01.643",
        "cpu_time_iowait": "00:00:00.000"
    },
    "peak_resources": {
        "cpu_percent": 108.7,
        "memory_rss": "139MiB",
        "memory_vms": "293MiB",
        "threads": 2
    },
    "avg_resources": {
        "cpu_percent": 64.51666666666667,
        "memory_rss": "101MiB",
        "memory_vms": "241MiB",
        "threads": 1.7777777777777777
    }
}