{
    "time": {
        "cpu_time_user": "00:00:00.960",
        "cpu_time_system": "00:00:00.150",
        "runtime": "00:00:01.534",
        "cpu_time_iowait": "00:00:00.000"
    },
    "peak_resources": {
        "cpu_percent": 99.3,
        "memory_rss": "139MiB",
        "memory_vms": "293MiB",
        "threads": 2
    },
    "avg_resources": {
        "cpu_percent": 63.07647058823528,
        "memory_rss": "102MiB",
        "memory_vms": "243MiB",
        "threads": 1.7647058823529411
    }
}