{
    "time": {
        "cpu_time_user": "00:00:00.890",
        "cpu_time_system": "00:00:00.200",
        "runtime": "00:00:01.619",
        "cpu_time_iowait": "00:00:00.000"
    },
    "peak_resources": {
        "cpu_percent": 109.1,
        "memory_rss": "140MiB",
        "memory_vms": "293MiB",
        "threads": 2
    },
    "avg_resources": {
        "cpu_percent": 59.816666666666684,
        "memory_rss": "93MiB",
        "memory_vms": "224MiB",
        "threads": 1.6666666666666667
    }
}