{
    "time": {
        "cpu_time_user": "00:00:01.439",
        "cpu_time_system": "00:00:00.100",
        "runtime": "00:00:02.527",
        "cpu_time_iowait": "00:00:00.000"
    },
    "peak_resources": {
        "cpu_percent": 107.8,
        "memory_rss": "55MiB",
        "memory_vms": "72MiB",
        "threads": 1
    },
    "avg_resources": {
        "cpu_percent": 57.361538461538444,
        "memory_rss": "43MiB",
        "memory_vms": "59MiB",
        "threads": 0.9615384615384616
    }
}