{
    "time": {
        "cpu_time_user": "00:00:00.920",
        "cpu_time_system": "00:00:00.210",
        "runtime": "00:00:01.517",
        "cpu_time_iowait": "00:00:00.000"
    },
    "peak_resources": {
        "cpu_percent": 99.4,
        "memory_rss": "138MiB",
        "memory_vms": "293MiB",
        "threads": 2
    },
    "avg_resources": {
        "cpu_percent": 65.71176470588236,
        "memory_rss": "97MiB",
        "memory_vms": "237MiB",
        "threads": 1.7058823529411764
    }
}